,area,centroid,mean_intensity,perimeter,row,column,circularity
1,225.0,"(28.435555555555556, 697.7911111111111)",0.4470588235294118,54.2842712474619,1,12,0.9594986285412676
2,238.0,"(89.4327731092437, 697.046218487395)",0.4158620310869447,56.04163056034261,2,12,0.9522813861453483
3,19.0,"(98.36842105263158, 583.3684210526316)",0.2863433092535259,15.414213562373096,2,10,1.0048950833993568
4,321.0,"(332.33956386292834, 696.2242990654206)",0.4255533158226946,65.11269837220809,6,12,0.9514446081346065
5,454.0,"(394.4273127753304, 696.5572687224669)",0.4590049235553253,78.76955262170047,7,12,0.9194941259345232
6,414.0,"(456.4951690821256, 697.2415458937198)",0.5133244924378768,73.698484809835,8,12,0.9578402587887539
7,86.0,"(463.5232558139535, 19.476744186046513)",0.49167046663626685,55.248737341529164,8,1,0.35404918672248187
